Time,T1_Balance,T2_Balance,T3_Balance,T4_Balance,Dispatcher_Revenue,Active_Taxis
0,255,255,255,255,0,4
1,254,254,254,254,0,4
2,253,253,253,253,0,4
3,252,252,252,252,0,4
4,251,251,251,251,0,4
5,250,250,250,250,0,4
6,249,249,249,249,0,4
7,248,248,248,248,0,4
8,247,247,247,247,0,4
9,246,246,246,246,0,4
10,245,245,245,245,0,4
11,244,244,244,244,0,4
12,243,243,243,243,0,4
13,242,242,242,242,0,4
14,241,241,241,241,0,4
15,240,240,240,240,0,4
16,239,239,239,239,0,4
17,238,238,238,238,0,4
18,237,237,237,237,0,4
19,236,236,236,236,0,4
20,235,235,235,235,0,4
21,234,234,234,234,0,4
22,233,233,233,233,0,4
23,232,232,232,232,0,4
24,231,231,231,231,0,4
25,230,230,230,230,0,4
26,229,229,229,229,0,4
27,228,228,228,228,0,4
28,227,227,227,227,0,4
29,226,226,226,226,0,4
30,225,225,225,225,0,4
31,224,224,224,224,0,4
32,223,223,223,223,0,4
33,222,222,222,222,0,4
34,221,221,221,221,0,4
35,220,220,220,220,0,4
36,219,219,219,219,0,4
37,218,218,218,218,0,4
38,217,217,217,217,0,4
39,216,216,216,216,0,4
40,215,215,215,215,0,4
41,214,214,214,214,0,4
42,213,213,213,213,0,4
43,212,212,212,212,0,4
44,211,211,211,211,0,4
45,210,210,210,210,0,4
46,209,209,209,209,0,4
47,208,208,208,208,0,4
48,207,207,207,207,0,4
49,206,206,206,206,0,4
50,205,239.0,205,205,0,4
51,204,238.0,204,204,0,4
52,203,237.0,203,203,0,4
53,202,236.0,202,202,0,4
54,201,235.0,201,201,0,4
55,200,234.0,200,200,0,4
56,199,233.0,199,199,0,4
57,198,232.0,198,198,0,4
58,197,231.0,197,197,0,4
59,196,230.0,196,196,0,4
60,195,229.0,195,195,0,4
61,194,228.0,194,194,0,4
62,193,227.0,193,193,0,4
63,192,226.0,192,192,0,4
64,191,225.0,191,191,0,4
65,190,224.0,190,190,0,4
66,189,223.0,189,189,0,4
67,188,222.0,188,188,0,4
68,187,221.0,187,187,0,4
69,186,220.0,186,186,0,4
70,185,219.0,185,185,0,4
71,184,218.0,184,184,0,4
72,183,217.0,183,183,0,4
73,182,216.0,182,182,0,4
74,181,215.0,181,181,0,4
75,180,214.0,180,180,0,4
76,179,213.0,179,179,0,4
77,178,212.0,178,178,0,4
78,177,211.0,177,177,0,4
79,176,210.0,176,176,0,4
80,175,209.0,175,175,0,4
81,174,208.0,174,174,0,4
82,173,207.0,173,173,0,4
83,172,206.0,172,172,0,4
84,171,205.0,171,171,0,4
85,170,204.0,170,170,0,4
86,169,203.0,169,169,0,4
87,168,202.0,168,168,0,4
88,167,201.0,167,167,0,4
89,166,200.0,166,166,0,4
90,165,199.0,165,165,0,4
91,164,198.0,164,164,0,4
92,163,197.0,163,163,0,4
93,162,196.0,162,162,0,4
94,161,195.0,161,161,0,4
95,160,194.0,160,160,0,4
96,159,193.0,159,159,0,4
97,158,192.0,158,158,0,4
98,157,191.0,157,157,0,4
99,156,190.0,156,156,0,4
100,155,189.0,155,155,0,4
101,154,188.0,154,154,0,4
102,153,187.0,153,153,0,4
103,152,186.0,152,152,0,4
104,151,185.0,151,151,0,4
105,150,184.0,150,150,0,4
106,149,183.0,149,149,0,4
107,148,182.0,148,148,0,4
108,147,181.0,147,147,0,4
109,146,180.0,146,146,0,4
110,145,179.0,145,145,0,4
111,144,178.0,144,144,0,4
112,143,177.0,143,143,0,4
113,142,176.0,142,142,0,4
114,141,175.0,141,141,0,4
115,140,174.0,140,140,0,4
116,139,173.0,139,139,0,4
117,138,172.0,138,138,0,4
118,137,171.0,137,137,0,4
119,136,170.0,136,136,0,4
120,135,169.0,135,135,0,4
121,134,168.0,134,134,0,4
122,133,167.0,133,133,0,4
123,132,166.0,132,132,0,4
124,131,165.0,131,131,0,4
125,130,164.0,130,130,0,4
126,129,163.0,129,129,0,4
127,128,162.0,128,128,0,4
128,127,161.0,127,127,0,4
129,126,160.0,126,126,0,4
130,125,159.0,125,125,0,4
131,124,158.0,124,124,0,4
132,123,157.0,123,123,0,4
133,122,156.0,122,122,0,4
134,121,155.0,121,121,0,4
135,120,154.0,120,120,0,4
136,119,153.0,119,119,0,4
137,118,152.0,118,118,0,4
138,117,151.0,117,117,0,4
139,116,150.0,116,116,0,4
140,115,149.0,115,115,0,4
141,114,148.0,114,114,0,4
142,113,147.0,113,113,0,4
143,112,146.0,112,112,0,4
144,111,145.0,111,111,0,4
145,110,144.0,110,110,0,4
146,109,143.0,109,109,0,4
147,108,142.0,108,108,0,4
148,107,141.0,107,107,0,4
149,106,140.0,106,106,0,4
150,105,139.0,105,105,0,4
151,104,138.0,104,104,0,4
152,103,137.0,103,103,0,4
153,102,136.0,102,102,0,4
154,101,135.0,101,101,0,4
155,100,134.0,100,100,0,4
156,99,133.0,99,99,0,4
157,98,132.0,98,98,0,4
158,97,131.0,97,97,0,4
159,96,130.0,96,96,0,4
160,95,129.0,95,95,0,4
161,94,128.0,94,94,0,4
162,93,127.0,93,93,0,4
163,92,126.0,92,92,0,4
164,91,125.0,91,91,0,4
165,90,124.0,90,90,0,4
166,89,123.0,89,89,0,4
167,88,122.0,88,88,0,4
168,87,121.0,87,87,0,4
169,86,120.0,86,86,0,4
170,85,119.0,85,85,0,4
171,84,118.0,84,84,0,4
172,83,117.0,83,83,0,4
173,82,116.0,82,82,0,4
174,81,115.0,81,81,0,4
175,80,114.0,80,80,0,4
176,79,113.0,79,79,0,4
177,78,112.0,78,78,0,4
178,77,111.0,77,77,0,4
179,76,110.0,76,76,0,4
180,75,109.0,75,75,0,4
181,74,108.0,115.0,74,0,4
182,73,107.0,114.0,73,0,4
183,72,106.0,113.0,72,0,4
184,71,105.0,112.0,71,0,4
185,70,104.0,111.0,70,0,4
186,69,103.0,110.0,69,0,4
187,68,102.0,109.0,68,0,4
188,67,101.0,108.0,67,0,4
189,66,100.0,107.0,66,0,4
190,65,99.0,106.0,65,0,4
191,64,98.0,105.0,64,0,4
192,63,97.0,104.0,63,0,4
193,62,96.0,103.0,62,0,4
194,61,95.0,102.0,61,0,4
195,60,94.0,101.0,60,0,4
196,59,93.0,100.0,59,0,4
197,58,92.0,99.0,58,0,4
198,57,91.0,98.0,57,0,4
199,56,90.0,97.0,56,0,4
200,55,89.0,96.0,55,0,4
201,54,88.0,95.0,54,0,4
202,53,87.0,94.0,53,0,4
203,52,86.0,93.0,52,0,4
204,51,85.0,92.0,51,0,4
205,50,84.0,91.0,50,0,4
206,49,83.0,90.0,49,0,4
207,48,82.0,89.0,48,0,4
208,47,81.0,88.0,47,0,4
209,46,80.0,87.0,46,0,4
210,45,79.0,86.0,45,0,4
211,44,78.0,85.0,44,0,4
212,43,77.0,84.0,43,0,4
213,42,76.0,83.0,42,0,4
214,41,75.0,82.0,41,0,4
215,40,74.0,81.0,40,0,4
216,39,73.0,80.0,39,0,4
217,38,72.0,79.0,38,0,4
218,37,71.0,78.0,37,0,4
219,36,70.0,77.0,36,0,4
220,35,69.0,76.0,35,0,4
221,34,68.0,75.0,34,0,4
222,33,67.0,74.0,33,0,4
223,32,66.0,73.0,32,0,4
224,31,65.0,72.0,31,0,4
225,30,64.0,71.0,30,0,4
226,29,63.0,70.0,29,0,4
227,28,62.0,69.0,28,0,4
228,27,61.0,68.0,27,0,4
229,26,60.0,67.0,26,0,4
230,25,59.0,66.0,25,0,4
231,24,58.0,65.0,24,0,4
232,23,57.0,64.0,23,0,4
233,22,56.0,63.0,22,0,4
234,21,55.0,62.0,21,0,4
235,20,96.0,61.0,20,0,4
236,19,95.0,60.0,19,0,4
237,18,94.0,59.0,18,0,4
238,17,93.0,58.0,17,0,4
239,16,92.0,57.0,16,0,4
240,15,91.0,56.0,15,0,4
241,14,90.0,55.0,14,0,4
242,13,89.0,54.0,13,0,4
243,12,88.0,53.0,12,0,4
244,11,87.0,52.0,11,0,4
245,10,86.0,51.0,10,0,4
246,9,85.0,50.0,9,0,4
247,8,84.0,49.0,8,0,4
248,7,83.0,48.0,7,0,4
249,6,82.0,47.0,6,0,4
250,5,81.0,46.0,5,0,4
251,4,80.0,45.0,4,0,4
252,3,79.0,44.0,3,0,4
253,2,78.0,43.0,2,0,4
254,1,77.0,42.0,1,0,4
255,0,76.0,41.0,0,0,2
256,-1,75.0,40.0,-1,0,2
257,-1,74.0,39.0,-1,0,2
258,-1,73.0,38.0,-1,0,2
259,-1,72.0,37.0,-1,0,2
260,-1,71.0,36.0,-1,0,2
261,-1,70.0,35.0,-1,0,2
262,-1,69.0,34.0,-1,0,2
263,-1,68.0,33.0,-1,0,2
264,-1,67.0,32.0,-1,0,2
265,-1,66.0,31.0,-1,0,2
266,-1,65.0,30.0,-1,0,2
267,-1,64.0,29.0,-1,0,2
268,-1,63.0,28.0,-1,0,2
269,-1,62.0,27.0,-1,0,2
270,-1,61.0,26.0,-1,0,2
271,-1,90.0,25.0,-1,0,2
272,-1,89.0,24.0,-1,0,2
273,-1,88.0,23.0,-1,0,2
274,-1,87.0,22.0,-1,0,2
275,-1,86.0,21.0,-1,0,2
276,-1,85.0,20.0,-1,0,2
277,-1,84.0,19.0,-1,0,2
278,-1,83.0,18.0,-1,0,2
279,-1,82.0,17.0,-1,0,2
280,-1,81.0,16.0,-1,0,2
281,-1,80.0,15.0,-1,0,2
282,-1,79.0,14.0,-1,0,2
283,-1,78.0,13.0,-1,0,2
284,-1,77.0,12.0,-1,0,2
285,-1,76.0,11.0,-1,0,2
286,-1,75.0,10.0,-1,0,2
287,-1,74.0,9.0,-1,0,2
288,-1,73.0,8.0,-1,0,2
289,-1,72.0,7.0,-1,0,2
290,-1,71.0,6.0,-1,0,2
291,-1,70.0,5.0,-1,0,2
292,-1,69.0,4.0,-1,0,2
293,-1,68.0,3.0,-1,0,2
294,-1,67.0,2.0,-1,0,2
295,-1,66.0,1.0,-1,0,2
296,-1,65.0,0.0,-1,0,1
297,-1,64.0,-1.0,-1,0,1
298,-1,63.0,-1.0,-1,0,1
299,-1,62.0,-1.0,-1,0,1
300,-1,61.0,-1.0,-1,0,1
301,-1,60.0,-1.0,-1,0,1
302,-1,59.0,-1.0,-1,0,1
303,-1,58.0,-1.0,-1,0,1
304,-1,57.0,-1.0,-1,0,1
305,-1,56.0,-1.0,-1,0,1
306,-1,55.0,-1.0,-1,0,1
307,-1,54.0,-1.0,-1,0,1
308,-1,53.0,-1.0,-1,0,1
309,-1,52.0,-1.0,-1,0,1
310,-1,51.0,-1.0,-1,0,1
311,-1,50.0,-1.0,-1,0,1
312,-1,49.0,-1.0,-1,0,1
313,-1,48.0,-1.0,-1,0,1
314,-1,47.0,-1.0,-1,0,1
315,-1,46.0,-1.0,-1,0,1
316,-1,45.0,-1.0,-1,0,1
317,-1,44.0,-1.0,-1,0,1
318,-1,43.0,-1.0,-1,0,1
319,-1,42.0,-1.0,-1,0,1
320,-1,41.0,-1.0,-1,0,1
321,-1,40.0,-1.0,-1,0,1
322,-1,39.0,-1.0,-1,0,1
323,-1,38.0,-1.0,-1,0,1
324,-1,37.0,-1.0,-1,0,1
325,-1,36.0,-1.0,-1,0,1
326,-1,35.0,-1.0,-1,0,1
327,-1,34.0,-1.0,-1,0,1
328,-1,33.0,-1.0,-1,0,1
329,-1,32.0,-1.0,-1,0,1
330,-1,31.0,-1.0,-1,0,1
331,-1,30.0,-1.0,-1,0,1
332,-1,29.0,-1.0,-1,0,1
333,-1,28.0,-1.0,-1,0,1
334,-1,27.0,-1.0,-1,0,1
335,-1,26.0,-1.0,-1,0,1
336,-1,25.0,-1.0,-1,0,1
337,-1,24.0,-1.0,-1,0,1
338,-1,23.0,-1.0,-1,0,1
339,-1,22.0,-1.0,-1,0,1
340,-1,21.0,-1.0,-1,0,1
341,-1,20.0,-1.0,-1,0,1
342,-1,19.0,-1.0,-1,0,1
343,-1,18.0,-1.0,-1,0,1
344,-1,17.0,-1.0,-1,0,1
345,-1,16.0,-1.0,-1,0,1
346,-1,15.0,-1.0,-1,0,1
347,-1,14.0,-1.0,-1,0,1
348,-1,13.0,-1.0,-1,0,1
349,-1,12.0,-1.0,-1,0,1
350,-1,11.0,-1.0,-1,0,1
351,-1,10.0,-1.0,-1,0,1
352,-1,9.0,-1.0,-1,0,1
353,-1,8.0,-1.0,-1,0,1
354,-1,7.0,-1.0,-1,0,1
355,-1,6.0,-1.0,-1,0,1
356,-1,5.0,-1.0,-1,0,1
357,-1,4.0,-1.0,-1,0,1
358,-1,3.0,-1.0,-1,0,1
359,-1,2.0,-1.0,-1,0,1
360,-1,1.0,-1.0,-1,0,1
361,-1,0.0,-1.0,-1,0,0
362,-1,-1.0,-1.0,-1,0,0
363,-1,-1.0,-1.0,-1,0,0
364,-1,-1.0,-1.0,-1,0,0
365,-1,-1.0,-1.0,-1,0,0
366,-1,-1.0,-1.0,-1,0,0
367,-1,-1.0,-1.0,-1,0,0
368,-1,-1.0,-1.0,-1,0,0
369,-1,-1.0,-1.0,-1,0,0
370,-1,-1.0,-1.0,-1,0,0
371,-1,-1.0,-1.0,-1,0,0
372,-1,-1.0,-1.0,-1,0,0
373,-1,-1.0,-1.0,-1,0,0
374,-1,-1.0,-1.0,-1,0,0
375,-1,-1.0,-1.0,-1,0,0
376,-1,-1.0,-1.0,-1,0,0
377,-1,-1.0,-1.0,-1,0,0
378,-1,-1.0,-1.0,-1,0,0
379,-1,-1.0,-1.0,-1,0,0
380,-1,-1.0,-1.0,-1,0,0
381,-1,-1.0,-1.0,-1,0,0
382,-1,-1.0,-1.0,-1,0,0
383,-1,-1.0,-1.0,-1,0,0
384,-1,-1.0,-1.0,-1,0,0
385,-1,-1.0,-1.0,-1,0,0
386,-1,-1.0,-1.0,-1,0,0
387,-1,-1.0,-1.0,-1,0,0
388,-1,-1.0,-1.0,-1,0,0
389,-1,-1.0,-1.0,-1,0,0
390,-1,-1.0,-1.0,-1,0,0
391,-1,-1.0,-1.0,-1,0,0
392,-1,-1.0,-1.0,-1,0,0
393,-1,-1.0,-1.0,-1,0,0
394,-1,-1.0,-1.0,-1,0,0
395,-1,-1.0,-1.0,-1,0,0
396,-1,-1.0,-1.0,-1,0,0
397,-1,-1.0,-1.0,-1,0,0
398,-1,-1.0,-1.0,-1,0,0
399,-1,-1.0,-1.0,-1,0,0
400,-1,-1.0,-1.0,-1,0,0
401,-1,-1.0,-1.0,-1,0,0
402,-1,-1.0,-1.0,-1,0,0
403,-1,-1.0,-1.0,-1,0,0
404,-1,-1.0,-1.0,-1,0,0
405,-1,-1.0,-1.0,-1,0,0
406,-1,-1.0,-1.0,-1,0,0
407,-1,-1.0,-1.0,-1,0,0
408,-1,-1.0,-1.0,-1,0,0
409,-1,-1.0,-1.0,-1,0,0
410,-1,-1.0,-1.0,-1,0,0
411,-1,-1.0,-1.0,-1,0,0
412,-1,-1.0,-1.0,-1,0,0
413,-1,-1.0,-1.0,-1,0,0
414,-1,-1.0,-1.0,-1,0,0
415,-1,-1.0,-1.0,-1,0,0
416,-1,-1.0,-1.0,-1,0,0
417,-1,-1.0,-1.0,-1,0,0
418,-1,-1.0,-1.0,-1,0,0
419,-1,-1.0,-1.0,-1,0,0
420,-1,-1.0,-1.0,-1,0,0
421,-1,-1.0,-1.0,-1,0,0
422,-1,-1.0,-1.0,-1,0,0
423,-1,-1.0,-1.0,-1,0,0
424,-1,-1.0,-1.0,-1,0,0
425,-1,-1.0,-1.0,-1,0,0
426,-1,-1.0,-1.0,-1,0,0
427,-1,-1.0,-1.0,-1,0,0
428,-1,-1.0,-1.0,-1,0,0
429,-1,-1.0,-1.0,-1,0,0
430,-1,-1.0,-1.0,-1,0,0
431,-1,-1.0,-1.0,-1,0,0
432,-1,-1.0,-1.0,-1,0,0
433,-1,-1.0,-1.0,-1,0,0
434,-1,-1.0,-1.0,-1,0,0
435,-1,-1.0,-1.0,-1,0,0
436,-1,-1.0,-1.0,-1,0,0
437,-1,-1.0,-1.0,-1,0,0
438,-1,-1.0,-1.0,-1,0,0
439,-1,-1.0,-1.0,-1,0,0
440,-1,-1.0,-1.0,-1,0,0
441,-1,-1.0,-1.0,-1,0,0
442,-1,-1.0,-1.0,-1,0,0
443,-1,-1.0,-1.0,-1,0,0
444,-1,-1.0,-1.0,-1,0,0
445,-1,-1.0,-1.0,-1,0,0
446,-1,-1.0,-1.0,-1,0,0
447,-1,-1.0,-1.0,-1,0,0
448,-1,-1.0,-1.0,-1,0,0
449,-1,-1.0,-1.0,-1,0,0
450,-1,-1.0,-1.0,-1,0,0
451,-1,-1.0,-1.0,-1,0,0
452,-1,-1.0,-1.0,-1,0,0
453,-1,-1.0,-1.0,-1,0,0
454,-1,-1.0,-1.0,-1,0,0
455,-1,-1.0,-1.0,-1,0,0
456,-1,-1.0,-1.0,-1,0,0
457,-1,-1.0,-1.0,-1,0,0
458,-1,-1.0,-1.0,-1,0,0
459,-1,-1.0,-1.0,-1,0,0
460,-1,-1.0,-1.0,-1,0,0
461,-1,-1.0,-1.0,-1,0,0
462,-1,-1.0,-1.0,-1,0,0
463,-1,-1.0,-1.0,-1,0,0
464,-1,-1.0,-1.0,-1,0,0
465,-1,-1.0,-1.0,-1,0,0
466,-1,-1.0,-1.0,-1,0,0
467,-1,-1.0,-1.0,-1,0,0
468,-1,-1.0,-1.0,-1,0,0
469,-1,-1.0,-1.0,-1,0,0
470,-1,-1.0,-1.0,-1,0,0
471,-1,-1.0,-1.0,-1,0,0
472,-1,-1.0,-1.0,-1,0,0
473,-1,-1.0,-1.0,-1,0,0
474,-1,-1.0,-1.0,-1,0,0
475,-1,-1.0,-1.0,-1,0,0
476,-1,-1.0,-1.0,-1,0,0
477,-1,-1.0,-1.0,-1,0,0
478,-1,-1.0,-1.0,-1,0,0
479,-1,-1.0,-1.0,-1,0,0
480,-1,-1.0,-1.0,-1,0,0
481,-1,-1.0,-1.0,-1,0,0
482,-1,-1.0,-1.0,-1,0,0
483,-1,-1.0,-1.0,-1,0,0
484,-1,-1.0,-1.0,-1,0,0
485,-1,-1.0,-1.0,-1,0,0
486,-1,-1.0,-1.0,-1,0,0
487,-1,-1.0,-1.0,-1,0,0
488,-1,-1.0,-1.0,-1,0,0
489,-1,-1.0,-1.0,-1,0,0
490,-1,-1.0,-1.0,-1,0,0
491,-1,-1.0,-1.0,-1,0,0
492,-1,-1.0,-1.0,-1,0,0
493,-1,-1.0,-1.0,-1,0,0
494,-1,-1.0,-1.0,-1,0,0
495,-1,-1.0,-1.0,-1,0,0
496,-1,-1.0,-1.0,-1,0,0
497,-1,-1.0,-1.0,-1,0,0
498,-1,-1.0,-1.0,-1,0,0
499,-1,-1.0,-1.0,-1,0,0
500,-1,-1.0,-1.0,-1,0,0
501,-1,-1.0,-1.0,-1,0,0
502,-1,-1.0,-1.0,-1,0,0
503,-1,-1.0,-1.0,-1,0,0
504,-1,-1.0,-1.0,-1,0,0
505,-1,-1.0,-1.0,-1,0,0
506,-1,-1.0,-1.0,-1,0,0
507,-1,-1.0,-1.0,-1,0,0
508,-1,-1.0,-1.0,-1,0,0
509,-1,-1.0,-1.0,-1,0,0
510,-1,-1.0,-1.0,-1,0,0
511,-1,-1.0,-1.0,-1,0,0
512,-1,-1.0,-1.0,-1,0,0
513,-1,-1.0,-1.0,-1,0,0
514,-1,-1.0,-1.0,-1,0,0
515,-1,-1.0,-1.0,-1,0,0
516,-1,-1.0,-1.0,-1,0,0
517,-1,-1.0,-1.0,-1,0,0
518,-1,-1.0,-1.0,-1,0,0
519,-1,-1.0,-1.0,-1,0,0
520,-1,-1.0,-1.0,-1,0,0
521,-1,-1.0,-1.0,-1,0,0
522,-1,-1.0,-1.0,-1,0,0
523,-1,-1.0,-1.0,-1,0,0
524,-1,-1.0,-1.0,-1,0,0
525,-1,-1.0,-1.0,-1,0,0
526,-1,-1.0,-1.0,-1,0,0
527,-1,-1.0,-1.0,-1,0,0
528,-1,-1.0,-1.0,-1,0,0
529,-1,-1.0,-1.0,-1,0,0
530,-1,-1.0,-1.0,-1,0,0
531,-1,-1.0,-1.0,-1,0,0
532,-1,-1.0,-1.0,-1,0,0
533,-1,-1.0,-1.0,-1,0,0
534,-1,-1.0,-1.0,-1,0,0
535,-1,-1.0,-1.0,-1,0,0
536,-1,-1.0,-1.0,-1,0,0
537,-1,-1.0,-1.0,-1,0,0
538,-1,-1.0,-1.0,-1,0,0
539,-1,-1.0,-1.0,-1,0,0
540,-1,-1.0,-1.0,-1,0,0
541,-1,-1.0,-1.0,-1,0,0
542,-1,-1.0,-1.0,-1,0,0
543,-1,-1.0,-1.0,-1,0,0
544,-1,-1.0,-1.0,-1,0,0
545,-1,-1.0,-1.0,-1,0,0
546,-1,-1.0,-1.0,-1,0,0
547,-1,-1.0,-1.0,-1,0,0
548,-1,-1.0,-1.0,-1,0,0
549,-1,-1.0,-1.0,-1,0,0
550,-1,-1.0,-1.0,-1,0,0
551,-1,-1.0,-1.0,-1,0,0
552,-1,-1.0,-1.0,-1,0,0
553,-1,-1.0,-1.0,-1,0,0
554,-1,-1.0,-1.0,-1,0,0
555,-1,-1.0,-1.0,-1,0,0
556,-1,-1.0,-1.0,-1,0,0
557,-1,-1.0,-1.0,-1,0,0
558,-1,-1.0,-1.0,-1,0,0
559,-1,-1.0,-1.0,-1,0,0
560,-1,-1.0,-1.0,-1,0,0
561,-1,-1.0,-1.0,-1,0,0
562,-1,-1.0,-1.0,-1,0,0
563,-1,-1.0,-1.0,-1,0,0
564,-1,-1.0,-1.0,-1,0,0
565,-1,-1.0,-1.0,-1,0,0
566,-1,-1.0,-1.0,-1,0,0
567,-1,-1.0,-1.0,-1,0,0
568,-1,-1.0,-1.0,-1,0,0
569,-1,-1.0,-1.0,-1,0,0
570,-1,-1.0,-1.0,-1,0,0
571,-1,-1.0,-1.0,-1,0,0
572,-1,-1.0,-1.0,-1,0,0
573,-1,-1.0,-1.0,-1,0,0
574,-1,-1.0,-1.0,-1,0,0
575,-1,-1.0,-1.0,-1,0,0
576,-1,-1.0,-1.0,-1,0,0
577,-1,-1.0,-1.0,-1,0,0
578,-1,-1.0,-1.0,-1,0,0
579,-1,-1.0,-1.0,-1,0,0
580,-1,-1.0,-1.0,-1,0,0
581,-1,-1.0,-1.0,-1,0,0
582,-1,-1.0,-1.0,-1,0,0
583,-1,-1.0,-1.0,-1,0,0
584,-1,-1.0,-1.0,-1,0,0
585,-1,-1.0,-1.0,-1,0,0
586,-1,-1.0,-1.0,-1,0,0
587,-1,-1.0,-1.0,-1,0,0
588,-1,-1.0,-1.0,-1,0,0
589,-1,-1.0,-1.0,-1,0,0
590,-1,-1.0,-1.0,-1,0,0
591,-1,-1.0,-1.0,-1,0,0
592,-1,-1.0,-1.0,-1,0,0
593,-1,-1.0,-1.0,-1,0,0
594,-1,-1.0,-1.0,-1,0,0
595,-1,-1.0,-1.0,-1,0,0
596,-1,-1.0,-1.0,-1,0,0
597,-1,-1.0,-1.0,-1,0,0
598,-1,-1.0,-1.0,-1,0,0
599,-1,-1.0,-1.0,-1,0,0
600,-1,-1.0,-1.0,-1,0,0
601,-1,-1.0,-1.0,-1,0,0
602,-1,-1.0,-1.0,-1,0,0
603,-1,-1.0,-1.0,-1,0,0
604,-1,-1.0,-1.0,-1,0,0
605,-1,-1.0,-1.0,-1,0,0
606,-1,-1.0,-1.0,-1,0,0
607,-1,-1.0,-1.0,-1,0,0
608,-1,-1.0,-1.0,-1,0,0
609,-1,-1.0,-1.0,-1,0,0
610,-1,-1.0,-1.0,-1,0,0
611,-1,-1.0,-1.0,-1,0,0
612,-1,-1.0,-1.0,-1,0,0
613,-1,-1.0,-1.0,-1,0,0
614,-1,-1.0,-1.0,-1,0,0
615,-1,-1.0,-1.0,-1,0,0
616,-1,-1.0,-1.0,-1,0,0
617,-1,-1.0,-1.0,-1,0,0
618,-1,-1.0,-1.0,-1,0,0
619,-1,-1.0,-1.0,-1,0,0
620,-1,-1.0,-1.0,-1,0,0
621,-1,-1.0,-1.0,-1,0,0
622,-1,-1.0,-1.0,-1,0,0
623,-1,-1.0,-1.0,-1,0,0
624,-1,-1.0,-1.0,-1,0,0
625,-1,-1.0,-1.0,-1,0,0
626,-1,-1.0,-1.0,-1,0,0
627,-1,-1.0,-1.0,-1,0,0
628,-1,-1.0,-1.0,-1,0,0
629,-1,-1.0,-1.0,-1,0,0
630,-1,-1.0,-1.0,-1,0,0
631,-1,-1.0,-1.0,-1,0,0
632,-1,-1.0,-1.0,-1,0,0
633,-1,-1.0,-1.0,-1,0,0
634,-1,-1.0,-1.0,-1,0,0
635,-1,-1.0,-1.0,-1,0,0
636,-1,-1.0,-1.0,-1,0,0
637,-1,-1.0,-1.0,-1,0,0
638,-1,-1.0,-1.0,-1,0,0
639,-1,-1.0,-1.0,-1,0,0
640,-1,-1.0,-1.0,-1,0,0
641,-1,-1.0,-1.0,-1,0,0
642,-1,-1.0,-1.0,-1,0,0
643,-1,-1.0,-1.0,-1,0,0
644,-1,-1.0,-1.0,-1,0,0
645,-1,-1.0,-1.0,-1,0,0
646,-1,-1.0,-1.0,-1,0,0
647,-1,-1.0,-1.0,-1,0,0
648,-1,-1.0,-1.0,-1,0,0
649,-1,-1.0,-1.0,-1,0,0
650,-1,-1.0,-1.0,-1,0,0
651,-1,-1.0,-1.0,-1,0,0
652,-1,-1.0,-1.0,-1,0,0
653,-1,-1.0,-1.0,-1,0,0
654,-1,-1.0,-1.0,-1,0,0
655,-1,-1.0,-1.0,-1,0,0
656,-1,-1.0,-1.0,-1,0,0
657,-1,-1.0,-1.0,-1,0,0
658,-1,-1.0,-1.0,-1,0,0
659,-1,-1.0,-1.0,-1,0,0
660,-1,-1.0,-1.0,-1,0,0
661,-1,-1.0,-1.0,-1,0,0
662,-1,-1.0,-1.0,-1,0,0
663,-1,-1.0,-1.0,-1,0,0
664,-1,-1.0,-1.0,-1,0,0
665,-1,-1.0,-1.0,-1,0,0
666,-1,-1.0,-1.0,-1,0,0
667,-1,-1.0,-1.0,-1,0,0
668,-1,-1.0,-1.0,-1,0,0
669,-1,-1.0,-1.0,-1,0,0
670,-1,-1.0,-1.0,-1,0,0
671,-1,-1.0,-1.0,-1,0,0
672,-1,-1.0,-1.0,-1,0,0
673,-1,-1.0,-1.0,-1,0,0
674,-1,-1.0,-1.0,-1,0,0
675,-1,-1.0,-1.0,-1,0,0
676,-1,-1.0,-1.0,-1,0,0
677,-1,-1.0,-1.0,-1,0,0
678,-1,-1.0,-1.0,-1,0,0
679,-1,-1.0,-1.0,-1,0,0
680,-1,-1.0,-1.0,-1,0,0
681,-1,-1.0,-1.0,-1,0,0
682,-1,-1.0,-1.0,-1,0,0
683,-1,-1.0,-1.0,-1,0,0
684,-1,-1.0,-1.0,-1,0,0
685,-1,-1.0,-1.0,-1,0,0
686,-1,-1.0,-1.0,-1,0,0
687,-1,-1.0,-1.0,-1,0,0
688,-1,-1.0,-1.0,-1,0,0
689,-1,-1.0,-1.0,-1,0,0
690,-1,-1.0,-1.0,-1,0,0
691,-1,-1.0,-1.0,-1,0,0
692,-1,-1.0,-1.0,-1,0,0
693,-1,-1.0,-1.0,-1,0,0
694,-1,-1.0,-1.0,-1,0,0
695,-1,-1.0,-1.0,-1,0,0
696,-1,-1.0,-1.0,-1,0,0
697,-1,-1.0,-1.0,-1,0,0
698,-1,-1.0,-1.0,-1,0,0
699,-1,-1.0,-1.0,-1,0,0
700,-1,-1.0,-1.0,-1,0,0
701,-1,-1.0,-1.0,-1,0,0
702,-1,-1.0,-1.0,-1,0,0
703,-1,-1.0,-1.0,-1,0,0
704,-1,-1.0,-1.0,-1,0,0
705,-1,-1.0,-1.0,-1,0,0
706,-1,-1.0,-1.0,-1,0,0
707,-1,-1.0,-1.0,-1,0,0
708,-1,-1.0,-1.0,-1,0,0
709,-1,-1.0,-1.0,-1,0,0
710,-1,-1.0,-1.0,-1,0,0
711,-1,-1.0,-1.0,-1,0,0
712,-1,-1.0,-1.0,-1,0,0
713,-1,-1.0,-1.0,-1,0,0
714,-1,-1.0,-1.0,-1,0,0
715,-1,-1.0,-1.0,-1,0,0
716,-1,-1.0,-1.0,-1,0,0
717,-1,-1.0,-1.0,-1,0,0
718,-1,-1.0,-1.0,-1,0,0
719,-1,-1.0,-1.0,-1,0,0
720,-1,-1.0,-1.0,-1,0,0
721,-1,-1.0,-1.0,-1,0,0
722,-1,-1.0,-1.0,-1,0,0
723,-1,-1.0,-1.0,-1,0,0
724,-1,-1.0,-1.0,-1,0,0
725,-1,-1.0,-1.0,-1,0,0
726,-1,-1.0,-1.0,-1,0,0
727,-1,-1.0,-1.0,-1,0,0
728,-1,-1.0,-1.0,-1,0,0
729,-1,-1.0,-1.0,-1,0,0
730,-1,-1.0,-1.0,-1,0,0
731,-1,-1.0,-1.0,-1,0,0
732,-1,-1.0,-1.0,-1,0,0
733,-1,-1.0,-1.0,-1,0,0
734,-1,-1.0,-1.0,-1,0,0
735,-1,-1.0,-1.0,-1,0,0
736,-1,-1.0,-1.0,-1,0,0
737,-1,-1.0,-1.0,-1,0,0
738,-1,-1.0,-1.0,-1,0,0
739,-1,-1.0,-1.0,-1,0,0
740,-1,-1.0,-1.0,-1,0,0
741,-1,-1.0,-1.0,-1,0,0
742,-1,-1.0,-1.0,-1,0,0
743,-1,-1.0,-1.0,-1,0,0
744,-1,-1.0,-1.0,-1,0,0
745,-1,-1.0,-1.0,-1,0,0
746,-1,-1.0,-1.0,-1,0,0
747,-1,-1.0,-1.0,-1,0,0
748,-1,-1.0,-1.0,-1,0,0
749,-1,-1.0,-1.0,-1,0,0
750,-1,-1.0,-1.0,-1,0,0
751,-1,-1.0,-1.0,-1,0,0
752,-1,-1.0,-1.0,-1,0,0
753,-1,-1.0,-1.0,-1,0,0
754,-1,-1.0,-1.0,-1,0,0
755,-1,-1.0,-1.0,-1,0,0
756,-1,-1.0,-1.0,-1,0,0
757,-1,-1.0,-1.0,-1,0,0
758,-1,-1.0,-1.0,-1,0,0
759,-1,-1.0,-1.0,-1,0,0
760,-1,-1.0,-1.0,-1,0,0
761,-1,-1.0,-1.0,-1,0,0
762,-1,-1.0,-1.0,-1,0,0
763,-1,-1.0,-1.0,-1,0,0
764,-1,-1.0,-1.0,-1,0,0
765,-1,-1.0,-1.0,-1,0,0
766,-1,-1.0,-1.0,-1,0,0
767,-1,-1.0,-1.0,-1,0,0
768,-1,-1.0,-1.0,-1,0,0
769,-1,-1.0,-1.0,-1,0,0
770,-1,-1.0,-1.0,-1,0,0
771,-1,-1.0,-1.0,-1,0,0
772,-1,-1.0,-1.0,-1,0,0
773,-1,-1.0,-1.0,-1,0,0
774,-1,-1.0,-1.0,-1,0,0
775,-1,-1.0,-1.0,-1,0,0
776,-1,-1.0,-1.0,-1,0,0
777,-1,-1.0,-1.0,-1,0,0
778,-1,-1.0,-1.0,-1,0,0
779,-1,-1.0,-1.0,-1,0,0
780,-1,-1.0,-1.0,-1,0,0
781,-1,-1.0,-1.0,-1,0,0
782,-1,-1.0,-1.0,-1,0,0
783,-1,-1.0,-1.0,-1,0,0
784,-1,-1.0,-1.0,-1,0,0
785,-1,-1.0,-1.0,-1,0,0
786,-1,-1.0,-1.0,-1,0,0
787,-1,-1.0,-1.0,-1,0,0
788,-1,-1.0,-1.0,-1,0,0
789,-1,-1.0,-1.0,-1,0,0
790,-1,-1.0,-1.0,-1,0,0
791,-1,-1.0,-1.0,-1,0,0
792,-1,-1.0,-1.0,-1,0,0
793,-1,-1.0,-1.0,-1,0,0
794,-1,-1.0,-1.0,-1,0,0
795,-1,-1.0,-1.0,-1,0,0
796,-1,-1.0,-1.0,-1,0,0
797,-1,-1.0,-1.0,-1,0,0
798,-1,-1.0,-1.0,-1,0,0
799,-1,-1.0,-1.0,-1,0,0
800,-1,-1.0,-1.0,-1,0,0
801,-1,-1.0,-1.0,-1,0,0
802,-1,-1.0,-1.0,-1,0,0
803,-1,-1.0,-1.0,-1,0,0
804,-1,-1.0,-1.0,-1,0,0
805,-1,-1.0,-1.0,-1,0,0
806,-1,-1.0,-1.0,-1,0,0
807,-1,-1.0,-1.0,-1,0,0
808,-1,-1.0,-1.0,-1,0,0
809,-1,-1.0,-1.0,-1,0,0
810,-1,-1.0,-1.0,-1,0,0
811,-1,-1.0,-1.0,-1,0,0
812,-1,-1.0,-1.0,-1,0,0
813,-1,-1.0,-1.0,-1,0,0
814,-1,-1.0,-1.0,-1,0,0
815,-1,-1.0,-1.0,-1,0,0
816,-1,-1.0,-1.0,-1,0,0
817,-1,-1.0,-1.0,-1,0,0
818,-1,-1.0,-1.0,-1,0,0
819,-1,-1.0,-1.0,-1,0,0
820,-1,-1.0,-1.0,-1,0,0
821,-1,-1.0,-1.0,-1,0,0
822,-1,-1.0,-1.0,-1,0,0
823,-1,-1.0,-1.0,-1,0,0
824,-1,-1.0,-1.0,-1,0,0
825,-1,-1.0,-1.0,-1,0,0
826,-1,-1.0,-1.0,-1,0,0
827,-1,-1.0,-1.0,-1,0,0
828,-1,-1.0,-1.0,-1,0,0
829,-1,-1.0,-1.0,-1,0,0
830,-1,-1.0,-1.0,-1,0,0
831,-1,-1.0,-1.0,-1,0,0
832,-1,-1.0,-1.0,-1,0,0
833,-1,-1.0,-1.0,-1,0,0
834,-1,-1.0,-1.0,-1,0,0
835,-1,-1.0,-1.0,-1,0,0
836,-1,-1.0,-1.0,-1,0,0
837,-1,-1.0,-1.0,-1,0,0
838,-1,-1.0,-1.0,-1,0,0
839,-1,-1.0,-1.0,-1,0,0
840,-1,-1.0,-1.0,-1,0,0
841,-1,-1.0,-1.0,-1,0,0
842,-1,-1.0,-1.0,-1,0,0
843,-1,-1.0,-1.0,-1,0,0
844,-1,-1.0,-1.0,-1,0,0
845,-1,-1.0,-1.0,-1,0,0
846,-1,-1.0,-1.0,-1,0,0
847,-1,-1.0,-1.0,-1,0,0
848,-1,-1.0,-1.0,-1,0,0
849,-1,-1.0,-1.0,-1,0,0
850,-1,-1.0,-1.0,-1,0,0
851,-1,-1.0,-1.0,-1,0,0
852,-1,-1.0,-1.0,-1,0,0
853,-1,-1.0,-1.0,-1,0,0
854,-1,-1.0,-1.0,-1,0,0
855,-1,-1.0,-1.0,-1,0,0
856,-1,-1.0,-1.0,-1,0,0
857,-1,-1.0,-1.0,-1,0,0
858,-1,-1.0,-1.0,-1,0,0
859,-1,-1.0,-1.0,-1,0,0
860,-1,-1.0,-1.0,-1,0,0
861,-1,-1.0,-1.0,-1,0,0
862,-1,-1.0,-1.0,-1,0,0
863,-1,-1.0,-1.0,-1,0,0
864,-1,-1.0,-1.0,-1,0,0
865,-1,-1.0,-1.0,-1,0,0
866,-1,-1.0,-1.0,-1,0,0
867,-1,-1.0,-1.0,-1,0,0
868,-1,-1.0,-1.0,-1,0,0
869,-1,-1.0,-1.0,-1,0,0
870,-1,-1.0,-1.0,-1,0,0
871,-1,-1.0,-1.0,-1,0,0
872,-1,-1.0,-1.0,-1,0,0
873,-1,-1.0,-1.0,-1,0,0
874,-1,-1.0,-1.0,-1,0,0
875,-1,-1.0,-1.0,-1,0,0
876,-1,-1.0,-1.0,-1,0,0
877,-1,-1.0,-1.0,-1,0,0
878,-1,-1.0,-1.0,-1,0,0
879,-1,-1.0,-1.0,-1,0,0
880,-1,-1.0,-1.0,-1,0,0
881,-1,-1.0,-1.0,-1,0,0
882,-1,-1.0,-1.0,-1,0,0
883,-1,-1.0,-1.0,-1,0,0
884,-1,-1.0,-1.0,-1,0,0
885,-1,-1.0,-1.0,-1,0,0
886,-1,-1.0,-1.0,-1,0,0
887,-1,-1.0,-1.0,-1,0,0
888,-1,-1.0,-1.0,-1,0,0
889,-1,-1.0,-1.0,-1,0,0
890,-1,-1.0,-1.0,-1,0,0
891,-1,-1.0,-1.0,-1,0,0
892,-1,-1.0,-1.0,-1,0,0
893,-1,-1.0,-1.0,-1,0,0
894,-1,-1.0,-1.0,-1,0,0
895,-1,-1.0,-1.0,-1,0,0
896,-1,-1.0,-1.0,-1,0,0
897,-1,-1.0,-1.0,-1,0,0
898,-1,-1.0,-1.0,-1,0,0
899,-1,-1.0,-1.0,-1,0,0
900,-1,-1.0,-1.0,-1,0,0
901,-1,-1.0,-1.0,-1,0,0
902,-1,-1.0,-1.0,-1,0,0
903,-1,-1.0,-1.0,-1,0,0
904,-1,-1.0,-1.0,-1,0,0
905,-1,-1.0,-1.0,-1,0,0
906,-1,-1.0,-1.0,-1,0,0
907,-1,-1.0,-1.0,-1,0,0
908,-1,-1.0,-1.0,-1,0,0
909,-1,-1.0,-1.0,-1,0,0
910,-1,-1.0,-1.0,-1,0,0
911,-1,-1.0,-1.0,-1,0,0
912,-1,-1.0,-1.0,-1,0,0
913,-1,-1.0,-1.0,-1,0,0
914,-1,-1.0,-1.0,-1,0,0
915,-1,-1.0,-1.0,-1,0,0
916,-1,-1.0,-1.0,-1,0,0
917,-1,-1.0,-1.0,-1,0,0
918,-1,-1.0,-1.0,-1,0,0
919,-1,-1.0,-1.0,-1,0,0
920,-1,-1.0,-1.0,-1,0,0
921,-1,-1.0,-1.0,-1,0,0
922,-1,-1.0,-1.0,-1,0,0
923,-1,-1.0,-1.0,-1,0,0
924,-1,-1.0,-1.0,-1,0,0
925,-1,-1.0,-1.0,-1,0,0
926,-1,-1.0,-1.0,-1,0,0
927,-1,-1.0,-1.0,-1,0,0
928,-1,-1.0,-1.0,-1,0,0
929,-1,-1.0,-1.0,-1,0,0
930,-1,-1.0,-1.0,-1,0,0
931,-1,-1.0,-1.0,-1,0,0
932,-1,-1.0,-1.0,-1,0,0
933,-1,-1.0,-1.0,-1,0,0
934,-1,-1.0,-1.0,-1,0,0
935,-1,-1.0,-1.0,-1,0,0
936,-1,-1.0,-1.0,-1,0,0
937,-1,-1.0,-1.0,-1,0,0
938,-1,-1.0,-1.0,-1,0,0
939,-1,-1.0,-1.0,-1,0,0
940,-1,-1.0,-1.0,-1,0,0
941,-1,-1.0,-1.0,-1,0,0
942,-1,-1.0,-1.0,-1,0,0
943,-1,-1.0,-1.0,-1,0,0
944,-1,-1.0,-1.0,-1,0,0
945,-1,-1.0,-1.0,-1,0,0
946,-1,-1.0,-1.0,-1,0,0
947,-1,-1.0,-1.0,-1,0,0
948,-1,-1.0,-1.0,-1,0,0
949,-1,-1.0,-1.0,-1,0,0
950,-1,-1.0,-1.0,-1,0,0
951,-1,-1.0,-1.0,-1,0,0
952,-1,-1.0,-1.0,-1,0,0
953,-1,-1.0,-1.0,-1,0,0
954,-1,-1.0,-1.0,-1,0,0
955,-1,-1.0,-1.0,-1,0,0
956,-1,-1.0,-1.0,-1,0,0
957,-1,-1.0,-1.0,-1,0,0
958,-1,-1.0,-1.0,-1,0,0
959,-1,-1.0,-1.0,-1,0,0
960,-1,-1.0,-1.0,-1,0,0
961,-1,-1.0,-1.0,-1,0,0
962,-1,-1.0,-1.0,-1,0,0
963,-1,-1.0,-1.0,-1,0,0
964,-1,-1.0,-1.0,-1,0,0
965,-1,-1.0,-1.0,-1,0,0
966,-1,-1.0,-1.0,-1,0,0
967,-1,-1.0,-1.0,-1,0,0
968,-1,-1.0,-1.0,-1,0,0
969,-1,-1.0,-1.0,-1,0,0
970,-1,-1.0,-1.0,-1,0,0
971,-1,-1.0,-1.0,-1,0,0
972,-1,-1.0,-1.0,-1,0,0
973,-1,-1.0,-1.0,-1,0,0
974,-1,-1.0,-1.0,-1,0,0
975,-1,-1.0,-1.0,-1,0,0
976,-1,-1.0,-1.0,-1,0,0
977,-1,-1.0,-1.0,-1,0,0
978,-1,-1.0,-1.0,-1,0,0
979,-1,-1.0,-1.0,-1,0,0
980,-1,-1.0,-1.0,-1,0,0
981,-1,-1.0,-1.0,-1,0,0
982,-1,-1.0,-1.0,-1,0,0
983,-1,-1.0,-1.0,-1,0,0
984,-1,-1.0,-1.0,-1,0,0
985,-1,-1.0,-1.0,-1,0,0
986,-1,-1.0,-1.0,-1,0,0
987,-1,-1.0,-1.0,-1,0,0
988,-1,-1.0,-1.0,-1,0,0
989,-1,-1.0,-1.0,-1,0,0
990,-1,-1.0,-1.0,-1,0,0
991,-1,-1.0,-1.0,-1,0,0
992,-1,-1.0,-1.0,-1,0,0
993,-1,-1.0,-1.0,-1,0,0
994,-1,-1.0,-1.0,-1,0,0
995,-1,-1.0,-1.0,-1,0,0
996,-1,-1.0,-1.0,-1,0,0
997,-1,-1.0,-1.0,-1,0,0
998,-1,-1.0,-1.0,-1,0,0
999,-1,-1.0,-1.0,-1,0,0
1000,-1,-1.0,-1.0,-1,0,0
1001,-1,-1.0,-1.0,-1,0,0
1002,-1,-1.0,-1.0,-1,0,0
1003,-1,-1.0,-1.0,-1,0,0
1004,-1,-1.0,-1.0,-1,0,0
1005,-1,-1.0,-1.0,-1,0,0
1006,-1,-1.0,-1.0,-1,0,0
1007,-1,-1.0,-1.0,-1,0,0
1008,-1,-1.0,-1.0,-1,0,0
1009,-1,-1.0,-1.0,-1,0,0
1010,-1,-1.0,-1.0,-1,0,0
1011,-1,-1.0,-1.0,-1,0,0
1012,-1,-1.0,-1.0,-1,0,0
1013,-1,-1.0,-1.0,-1,0,0
1014,-1,-1.0,-1.0,-1,0,0
1015,-1,-1.0,-1.0,-1,0,0
1016,-1,-1.0,-1.0,-1,0,0
1017,-1,-1.0,-1.0,-1,0,0
1018,-1,-1.0,-1.0,-1,0,0
1019,-1,-1.0,-1.0,-1,0,0
1020,-1,-1.0,-1.0,-1,0,0
1021,-1,-1.0,-1.0,-1,0,0
1022,-1,-1.0,-1.0,-1,0,0
1023,-1,-1.0,-1.0,-1,0,0
1024,-1,-1.0,-1.0,-1,0,0
1025,-1,-1.0,-1.0,-1,0,0
1026,-1,-1.0,-1.0,-1,0,0
1027,-1,-1.0,-1.0,-1,0,0
1028,-1,-1.0,-1.0,-1,0,0
1029,-1,-1.0,-1.0,-1,0,0
1030,-1,-1.0,-1.0,-1,0,0
1031,-1,-1.0,-1.0,-1,0,0
1032,-1,-1.0,-1.0,-1,0,0
1033,-1,-1.0,-1.0,-1,0,0
1034,-1,-1.0,-1.0,-1,0,0
1035,-1,-1.0,-1.0,-1,0,0
1036,-1,-1.0,-1.0,-1,0,0
1037,-1,-1.0,-1.0,-1,0,0
1038,-1,-1.0,-1.0,-1,0,0
1039,-1,-1.0,-1.0,-1,0,0
1040,-1,-1.0,-1.0,-1,0,0
1041,-1,-1.0,-1.0,-1,0,0
1042,-1,-1.0,-1.0,-1,0,0
1043,-1,-1.0,-1.0,-1,0,0
1044,-1,-1.0,-1.0,-1,0,0
1045,-1,-1.0,-1.0,-1,0,0
1046,-1,-1.0,-1.0,-1,0,0
1047,-1,-1.0,-1.0,-1,0,0
1048,-1,-1.0,-1.0,-1,0,0
1049,-1,-1.0,-1.0,-1,0,0
1050,-1,-1.0,-1.0,-1,0,0
1051,-1,-1.0,-1.0,-1,0,0
1052,-1,-1.0,-1.0,-1,0,0
1053,-1,-1.0,-1.0,-1,0,0
1054,-1,-1.0,-1.0,-1,0,0
1055,-1,-1.0,-1.0,-1,0,0
1056,-1,-1.0,-1.0,-1,0,0
1057,-1,-1.0,-1.0,-1,0,0
1058,-1,-1.0,-1.0,-1,0,0
1059,-1,-1.0,-1.0,-1,0,0
1060,-1,-1.0,-1.0,-1,0,0
1061,-1,-1.0,-1.0,-1,0,0
1062,-1,-1.0,-1.0,-1,0,0
1063,-1,-1.0,-1.0,-1,0,0
1064,-1,-1.0,-1.0,-1,0,0
1065,-1,-1.0,-1.0,-1,0,0
1066,-1,-1.0,-1.0,-1,0,0
1067,-1,-1.0,-1.0,-1,0,0
1068,-1,-1.0,-1.0,-1,0,0
1069,-1,-1.0,-1.0,-1,0,0
1070,-1,-1.0,-1.0,-1,0,0
1071,-1,-1.0,-1.0,-1,0,0
1072,-1,-1.0,-1.0,-1,0,0
1073,-1,-1.0,-1.0,-1,0,0
1074,-1,-1.0,-1.0,-1,0,0
1075,-1,-1.0,-1.0,-1,0,0
1076,-1,-1.0,-1.0,-1,0,0
1077,-1,-1.0,-1.0,-1,0,0
1078,-1,-1.0,-1.0,-1,0,0
1079,-1,-1.0,-1.0,-1,0,0
1080,-1,-1.0,-1.0,-1,0,0
1081,-1,-1.0,-1.0,-1,0,0
1082,-1,-1.0,-1.0,-1,0,0
1083,-1,-1.0,-1.0,-1,0,0
1084,-1,-1.0,-1.0,-1,0,0
1085,-1,-1.0,-1.0,-1,0,0
1086,-1,-1.0,-1.0,-1,0,0
1087,-1,-1.0,-1.0,-1,0,0
1088,-1,-1.0,-1.0,-1,0,0
1089,-1,-1.0,-1.0,-1,0,0
1090,-1,-1.0,-1.0,-1,0,0
1091,-1,-1.0,-1.0,-1,0,0
1092,-1,-1.0,-1.0,-1,0,0
1093,-1,-1.0,-1.0,-1,0,0
1094,-1,-1.0,-1.0,-1,0,0
1095,-1,-1.0,-1.0,-1,0,0
1096,-1,-1.0,-1.0,-1,0,0
1097,-1,-1.0,-1.0,-1,0,0
1098,-1,-1.0,-1.0,-1,0,0
1099,-1,-1.0,-1.0,-1,0,0
1100,-1,-1.0,-1.0,-1,0,0
1101,-1,-1.0,-1.0,-1,0,0
1102,-1,-1.0,-1.0,-1,0,0
1103,-1,-1.0,-1.0,-1,0,0
1104,-1,-1.0,-1.0,-1,0,0
1105,-1,-1.0,-1.0,-1,0,0
1106,-1,-1.0,-1.0,-1,0,0
1107,-1,-1.0,-1.0,-1,0,0
1108,-1,-1.0,-1.0,-1,0,0
1109,-1,-1.0,-1.0,-1,0,0
1110,-1,-1.0,-1.0,-1,0,0
1111,-1,-1.0,-1.0,-1,0,0
1112,-1,-1.0,-1.0,-1,0,0
1113,-1,-1.0,-1.0,-1,0,0
1114,-1,-1.0,-1.0,-1,0,0
1115,-1,-1.0,-1.0,-1,0,0
1116,-1,-1.0,-1.0,-1,0,0
1117,-1,-1.0,-1.0,-1,0,0
1118,-1,-1.0,-1.0,-1,0,0
1119,-1,-1.0,-1.0,-1,0,0
1120,-1,-1.0,-1.0,-1,0,0
1121,-1,-1.0,-1.0,-1,0,0
1122,-1,-1.0,-1.0,-1,0,0
1123,-1,-1.0,-1.0,-1,0,0
1124,-1,-1.0,-1.0,-1,0,0
1125,-1,-1.0,-1.0,-1,0,0
1126,-1,-1.0,-1.0,-1,0,0
1127,-1,-1.0,-1.0,-1,0,0
1128,-1,-1.0,-1.0,-1,0,0
1129,-1,-1.0,-1.0,-1,0,0
1130,-1,-1.0,-1.0,-1,0,0
1131,-1,-1.0,-1.0,-1,0,0
1132,-1,-1.0,-1.0,-1,0,0
1133,-1,-1.0,-1.0,-1,0,0
1134,-1,-1.0,-1.0,-1,0,0
1135,-1,-1.0,-1.0,-1,0,0
1136,-1,-1.0,-1.0,-1,0,0
1137,-1,-1.0,-1.0,-1,0,0
1138,-1,-1.0,-1.0,-1,0,0
1139,-1,-1.0,-1.0,-1,0,0
1140,-1,-1.0,-1.0,-1,0,0
1141,-1,-1.0,-1.0,-1,0,0
1142,-1,-1.0,-1.0,-1,0,0
1143,-1,-1.0,-1.0,-1,0,0
1144,-1,-1.0,-1.0,-1,0,0
1145,-1,-1.0,-1.0,-1,0,0
1146,-1,-1.0,-1.0,-1,0,0
1147,-1,-1.0,-1.0,-1,0,0
1148,-1,-1.0,-1.0,-1,0,0
1149,-1,-1.0,-1.0,-1,0,0
1150,-1,-1.0,-1.0,-1,0,0
1151,-1,-1.0,-1.0,-1,0,0
1152,-1,-1.0,-1.0,-1,0,0
1153,-1,-1.0,-1.0,-1,0,0
1154,-1,-1.0,-1.0,-1,0,0
1155,-1,-1.0,-1.0,-1,0,0
1156,-1,-1.0,-1.0,-1,0,0
1157,-1,-1.0,-1.0,-1,0,0
1158,-1,-1.0,-1.0,-1,0,0
1159,-1,-1.0,-1.0,-1,0,0
1160,-1,-1.0,-1.0,-1,0,0
1161,-1,-1.0,-1.0,-1,0,0
1162,-1,-1.0,-1.0,-1,0,0
1163,-1,-1.0,-1.0,-1,0,0
1164,-1,-1.0,-1.0,-1,0,0
1165,-1,-1.0,-1.0,-1,0,0
1166,-1,-1.0,-1.0,-1,0,0
1167,-1,-1.0,-1.0,-1,0,0
1168,-1,-1.0,-1.0,-1,0,0
1169,-1,-1.0,-1.0,-1,0,0
1170,-1,-1.0,-1.0,-1,0,0
1171,-1,-1.0,-1.0,-1,0,0
1172,-1,-1.0,-1.0,-1,0,0
1173,-1,-1.0,-1.0,-1,0,0
1174,-1,-1.0,-1.0,-1,0,0
1175,-1,-1.0,-1.0,-1,0,0
1176,-1,-1.0,-1.0,-1,0,0
1177,-1,-1.0,-1.0,-1,0,0
1178,-1,-1.0,-1.0,-1,0,0
1179,-1,-1.0,-1.0,-1,0,0
1180,-1,-1.0,-1.0,-1,0,0
1181,-1,-1.0,-1.0,-1,0,0
1182,-1,-1.0,-1.0,-1,0,0
1183,-1,-1.0,-1.0,-1,0,0
1184,-1,-1.0,-1.0,-1,0,0
1185,-1,-1.0,-1.0,-1,0,0
1186,-1,-1.0,-1.0,-1,0,0
1187,-1,-1.0,-1.0,-1,0,0
1188,-1,-1.0,-1.0,-1,0,0
1189,-1,-1.0,-1.0,-1,0,0
1190,-1,-1.0,-1.0,-1,0,0
1191,-1,-1.0,-1.0,-1,0,0
1192,-1,-1.0,-1.0,-1,0,0
1193,-1,-1.0,-1.0,-1,0,0
1194,-1,-1.0,-1.0,-1,0,0
1195,-1,-1.0,-1.0,-1,0,0
1196,-1,-1.0,-1.0,-1,0,0
1197,-1,-1.0,-1.0,-1,0,0
1198,-1,-1.0,-1.0,-1,0,0
1199,-1,-1.0,-1.0,-1,0,0
1200,-1,-1.0,-1.0,-1,0,0
1201,-1,-1.0,-1.0,-1,0,0
1202,-1,-1.0,-1.0,-1,0,0
1203,-1,-1.0,-1.0,-1,0,0
1204,-1,-1.0,-1.0,-1,0,0
1205,-1,-1.0,-1.0,-1,0,0
1206,-1,-1.0,-1.0,-1,0,0
1207,-1,-1.0,-1.0,-1,0,0
1208,-1,-1.0,-1.0,-1,0,0
1209,-1,-1.0,-1.0,-1,0,0
1210,-1,-1.0,-1.0,-1,0,0
1211,-1,-1.0,-1.0,-1,0,0
1212,-1,-1.0,-1.0,-1,0,0
1213,-1,-1.0,-1.0,-1,0,0
1214,-1,-1.0,-1.0,-1,0,0
1215,-1,-1.0,-1.0,-1,0,0
1216,-1,-1.0,-1.0,-1,0,0
1217,-1,-1.0,-1.0,-1,0,0
1218,-1,-1.0,-1.0,-1,0,0
1219,-1,-1.0,-1.0,-1,0,0
1220,-1,-1.0,-1.0,-1,0,0
1221,-1,-1.0,-1.0,-1,0,0
1222,-1,-1.0,-1.0,-1,0,0
1223,-1,-1.0,-1.0,-1,0,0
1224,-1,-1.0,-1.0,-1,0,0
1225,-1,-1.0,-1.0,-1,0,0
1226,-1,-1.0,-1.0,-1,0,0
1227,-1,-1.0,-1.0,-1,0,0
1228,-1,-1.0,-1.0,-1,0,0
1229,-1,-1.0,-1.0,-1,0,0
1230,-1,-1.0,-1.0,-1,0,0
1231,-1,-1.0,-1.0,-1,0,0
1232,-1,-1.0,-1.0,-1,0,0
1233,-1,-1.0,-1.0,-1,0,0
1234,-1,-1.0,-1.0,-1,0,0
1235,-1,-1.0,-1.0,-1,0,0
1236,-1,-1.0,-1.0,-1,0,0
1237,-1,-1.0,-1.0,-1,0,0
1238,-1,-1.0,-1.0,-1,0,0
1239,-1,-1.0,-1.0,-1,0,0
1240,-1,-1.0,-1.0,-1,0,0
1241,-1,-1.0,-1.0,-1,0,0
1242,-1,-1.0,-1.0,-1,0,0
1243,-1,-1.0,-1.0,-1,0,0
1244,-1,-1.0,-1.0,-1,0,0
1245,-1,-1.0,-1.0,-1,0,0
1246,-1,-1.0,-1.0,-1,0,0
1247,-1,-1.0,-1.0,-1,0,0
1248,-1,-1.0,-1.0,-1,0,0
1249,-1,-1.0,-1.0,-1,0,0
1250,-1,-1.0,-1.0,-1,0,0
1251,-1,-1.0,-1.0,-1,0,0
1252,-1,-1.0,-1.0,-1,0,0
1253,-1,-1.0,-1.0,-1,0,0
1254,-1,-1.0,-1.0,-1,0,0
1255,-1,-1.0,-1.0,-1,0,0
1256,-1,-1.0,-1.0,-1,0,0
1257,-1,-1.0,-1.0,-1,0,0
1258,-1,-1.0,-1.0,-1,0,0
1259,-1,-1.0,-1.0,-1,0,0
1260,-1,-1.0,-1.0,-1,0,0
1261,-1,-1.0,-1.0,-1,0,0
1262,-1,-1.0,-1.0,-1,0,0
1263,-1,-1.0,-1.0,-1,0,0
1264,-1,-1.0,-1.0,-1,0,0
1265,-1,-1.0,-1.0,-1,0,0
1266,-1,-1.0,-1.0,-1,0,0
1267,-1,-1.0,-1.0,-1,0,0
1268,-1,-1.0,-1.0,-1,0,0
1269,-1,-1.0,-1.0,-1,0,0
1270,-1,-1.0,-1.0,-1,0,0
1271,-1,-1.0,-1.0,-1,0,0
1272,-1,-1.0,-1.0,-1,0,0
1273,-1,-1.0,-1.0,-1,0,0
1274,-1,-1.0,-1.0,-1,0,0
1275,-1,-1.0,-1.0,-1,0,0
1276,-1,-1.0,-1.0,-1,0,0
1277,-1,-1.0,-1.0,-1,0,0
1278,-1,-1.0,-1.0,-1,0,0
1279,-1,-1.0,-1.0,-1,0,0
1280,-1,-1.0,-1.0,-1,0,0
1281,-1,-1.0,-1.0,-1,0,0
1282,-1,-1.0,-1.0,-1,0,0
1283,-1,-1.0,-1.0,-1,0,0
1284,-1,-1.0,-1.0,-1,0,0
1285,-1,-1.0,-1.0,-1,0,0
1286,-1,-1.0,-1.0,-1,0,0
1287,-1,-1.0,-1.0,-1,0,0
1288,-1,-1.0,-1.0,-1,0,0
1289,-1,-1.0,-1.0,-1,0,0
1290,-1,-1.0,-1.0,-1,0,0
1291,-1,-1.0,-1.0,-1,0,0
1292,-1,-1.0,-1.0,-1,0,0
1293,-1,-1.0,-1.0,-1,0,0
1294,-1,-1.0,-1.0,-1,0,0
1295,-1,-1.0,-1.0,-1,0,0
1296,-1,-1.0,-1.0,-1,0,0
1297,-1,-1.0,-1.0,-1,0,0
1298,-1,-1.0,-1.0,-1,0,0
1299,-1,-1.0,-1.0,-1,0,0
1300,-1,-1.0,-1.0,-1,0,0
1301,-1,-1.0,-1.0,-1,0,0
1302,-1,-1.0,-1.0,-1,0,0
1303,-1,-1.0,-1.0,-1,0,0
1304,-1,-1.0,-1.0,-1,0,0
1305,-1,-1.0,-1.0,-1,0,0
1306,-1,-1.0,-1.0,-1,0,0
1307,-1,-1.0,-1.0,-1,0,0
1308,-1,-1.0,-1.0,-1,0,0
1309,-1,-1.0,-1.0,-1,0,0
1310,-1,-1.0,-1.0,-1,0,0
1311,-1,-1.0,-1.0,-1,0,0
1312,-1,-1.0,-1.0,-1,0,0
1313,-1,-1.0,-1.0,-1,0,0
1314,-1,-1.0,-1.0,-1,0,0
1315,-1,-1.0,-1.0,-1,0,0
1316,-1,-1.0,-1.0,-1,0,0
1317,-1,-1.0,-1.0,-1,0,0
1318,-1,-1.0,-1.0,-1,0,0
1319,-1,-1.0,-1.0,-1,0,0
1320,-1,-1.0,-1.0,-1,0,0
1321,-1,-1.0,-1.0,-1,0,0
1322,-1,-1.0,-1.0,-1,0,0
1323,-1,-1.0,-1.0,-1,0,0
1324,-1,-1.0,-1.0,-1,0,0
1325,-1,-1.0,-1.0,-1,0,0
1326,-1,-1.0,-1.0,-1,0,0
1327,-1,-1.0,-1.0,-1,0,0
1328,-1,-1.0,-1.0,-1,0,0
1329,-1,-1.0,-1.0,-1,0,0
1330,-1,-1.0,-1.0,-1,0,0
1331,-1,-1.0,-1.0,-1,0,0
1332,-1,-1.0,-1.0,-1,0,0
1333,-1,-1.0,-1.0,-1,0,0
1334,-1,-1.0,-1.0,-1,0,0
1335,-1,-1.0,-1.0,-1,0,0
1336,-1,-1.0,-1.0,-1,0,0
1337,-1,-1.0,-1.0,-1,0,0
1338,-1,-1.0,-1.0,-1,0,0
1339,-1,-1.0,-1.0,-1,0,0
1340,-1,-1.0,-1.0,-1,0,0
1341,-1,-1.0,-1.0,-1,0,0
1342,-1,-1.0,-1.0,-1,0,0
1343,-1,-1.0,-1.0,-1,0,0
1344,-1,-1.0,-1.0,-1,0,0
1345,-1,-1.0,-1.0,-1,0,0
1346,-1,-1.0,-1.0,-1,0,0
1347,-1,-1.0,-1.0,-1,0,0
1348,-1,-1.0,-1.0,-1,0,0
1349,-1,-1.0,-1.0,-1,0,0
1350,-1,-1.0,-1.0,-1,0,0
1351,-1,-1.0,-1.0,-1,0,0
1352,-1,-1.0,-1.0,-1,0,0
1353,-1,-1.0,-1.0,-1,0,0
1354,-1,-1.0,-1.0,-1,0,0
1355,-1,-1.0,-1.0,-1,0,0
1356,-1,-1.0,-1.0,-1,0,0
1357,-1,-1.0,-1.0,-1,0,0
1358,-1,-1.0,-1.0,-1,0,0
1359,-1,-1.0,-1.0,-1,0,0
1360,-1,-1.0,-1.0,-1,0,0
1361,-1,-1.0,-1.0,-1,0,0
1362,-1,-1.0,-1.0,-1,0,0
1363,-1,-1.0,-1.0,-1,0,0
1364,-1,-1.0,-1.0,-1,0,0
1365,-1,-1.0,-1.0,-1,0,0
1366,-1,-1.0,-1.0,-1,0,0
1367,-1,-1.0,-1.0,-1,0,0
1368,-1,-1.0,-1.0,-1,0,0
1369,-1,-1.0,-1.0,-1,0,0
1370,-1,-1.0,-1.0,-1,0,0
1371,-1,-1.0,-1.0,-1,0,0
1372,-1,-1.0,-1.0,-1,0,0
1373,-1,-1.0,-1.0,-1,0,0
1374,-1,-1.0,-1.0,-1,0,0
1375,-1,-1.0,-1.0,-1,0,0
1376,-1,-1.0,-1.0,-1,0,0
1377,-1,-1.0,-1.0,-1,0,0
1378,-1,-1.0,-1.0,-1,0,0
1379,-1,-1.0,-1.0,-1,0,0
1380,-1,-1.0,-1.0,-1,0,0
1381,-1,-1.0,-1.0,-1,0,0
1382,-1,-1.0,-1.0,-1,0,0
1383,-1,-1.0,-1.0,-1,0,0
1384,-1,-1.0,-1.0,-1,0,0
1385,-1,-1.0,-1.0,-1,0,0
1386,-1,-1.0,-1.0,-1,0,0
1387,-1,-1.0,-1.0,-1,0,0
1388,-1,-1.0,-1.0,-1,0,0
1389,-1,-1.0,-1.0,-1,0,0
1390,-1,-1.0,-1.0,-1,0,0
1391,-1,-1.0,-1.0,-1,0,0
1392,-1,-1.0,-1.0,-1,0,0
1393,-1,-1.0,-1.0,-1,0,0
1394,-1,-1.0,-1.0,-1,0,0
1395,-1,-1.0,-1.0,-1,0,0
1396,-1,-1.0,-1.0,-1,0,0
1397,-1,-1.0,-1.0,-1,0,0
1398,-1,-1.0,-1.0,-1,0,0
1399,-1,-1.0,-1.0,-1,0,0
1400,-1,-1.0,-1.0,-1,0,0
1401,-1,-1.0,-1.0,-1,0,0
1402,-1,-1.0,-1.0,-1,0,0
1403,-1,-1.0,-1.0,-1,0,0
1404,-1,-1.0,-1.0,-1,0,0
1405,-1,-1.0,-1.0,-1,0,0
1406,-1,-1.0,-1.0,-1,0,0
1407,-1,-1.0,-1.0,-1,0,0
1408,-1,-1.0,-1.0,-1,0,0
1409,-1,-1.0,-1.0,-1,0,0
1410,-1,-1.0,-1.0,-1,0,0
1411,-1,-1.0,-1.0,-1,0,0
1412,-1,-1.0,-1.0,-1,0,0
1413,-1,-1.0,-1.0,-1,0,0
1414,-1,-1.0,-1.0,-1,0,0
1415,-1,-1.0,-1.0,-1,0,0
1416,-1,-1.0,-1.0,-1,0,0
1417,-1,-1.0,-1.0,-1,0,0
1418,-1,-1.0,-1.0,-1,0,0
1419,-1,-1.0,-1.0,-1,0,0
1420,-1,-1.0,-1.0,-1,0,0
1421,-1,-1.0,-1.0,-1,0,0
1422,-1,-1.0,-1.0,-1,0,0
1423,-1,-1.0,-1.0,-1,0,0
1424,-1,-1.0,-1.0,-1,0,0
1425,-1,-1.0,-1.0,-1,0,0
1426,-1,-1.0,-1.0,-1,0,0
1427,-1,-1.0,-1.0,-1,0,0
1428,-1,-1.0,-1.0,-1,0,0
1429,-1,-1.0,-1.0,-1,0,0
1430,-1,-1.0,-1.0,-1,0,0
1431,-1,-1.0,-1.0,-1,0,0
1432,-1,-1.0,-1.0,-1,0,0
1433,-1,-1.0,-1.0,-1,0,0
1434,-1,-1.0,-1.0,-1,0,0
1435,-1,-1.0,-1.0,-1,0,0
1436,-1,-1.0,-1.0,-1,0,0
1437,-1,-1.0,-1.0,-1,0,0
1438,-1,-1.0,-1.0,-1,0,0
1439,-1,-1.0,-1.0,-1,0,0
